<?xml version="1.0" encoding="UTF-8"?>

<beans xmlns="http://www.springframework.org/schema/beans" 
	xmlns:xsi="http://www.w3.org/2001/XMLSchema-instance"
	xmlns:context="http://www.springframework.org/schema/context"
	xmlns:jpa="http://www.springframework.org/schema/data/jpa"
	xmlns:tx="http://www.springframework.org/schema/tx"
	xmlns:jdbc="http://www.springframework.org/schema/jdbc"
	xsi:schemaLocation="http://www.springframework.org/schema/beans 
		http://www.springframework.org/schema/beans/spring-beans.xsd
		http://www.springframework.org/schema/data/jpa
		http://www.springframework.org/schema/data/jpa/spring-jpa.xsd
		http://www.springframework.org/schema/tx 
		http://www.springframework.org/schema/tx/spring-tx.xsd
		http://www.springframework.org/schema/jdbc
		http://www.springframework.org/schema/jdbc/spring-jdbc.xsd
		http://www.springframework.org/schema/context 
		http://www.springframework.org/schema/context/spring-context.xsd">
    
	<context:property-placeholder location="classpath:spring/bean.properties" />
	
 	<context:annotation-config />
	<context:component-scan base-package="jp.tuyano.spring.data1" />
	
	<bean
		class="org.springframework.orm.jpa.support.PersistenceAnnotationBeanPostProcessor" />
		
	<bean id="entityManagerFactory"
		class="org.springframework.orm.jpa.LocalContainerEntityManagerFactoryBean">
		<property name="dataSource" ref="dataSource" />
		<property name="jpaVendorAdapter">
			<bean class="org.springframework.orm.jpa.vendor.HibernateJpaVendorAdapter">
				<property name="generateDdl" value="true" />
				<property name="database" value="${jdbc.type}" />
			</bean>
		</property>
	</bean>
	
	<!-- jdbc  -->
	<jdbc:embedded-database id="dataSource" type="H2">
		<jdbc:script location="${jdbc.scriptLocation}" />
	</jdbc:embedded-database>

	<jpa:repositories base-package="jp.tuyano.spring.data1" />

	 <bean id="transactionManager"
		class="org.springframework.orm.jpa.JpaTransactionManager">
		<property name="entityManagerFactory" ref="entityManagerFactory" />
		<property name="dataSource" ref="dataSource" />
	</bean>
	
</beans>
