<?xml version="1.0" encoding="UTF-8"?>
<beans xmlns="http://www.springframework.org/schema/beans"
	xmlns:xsi="http://www.w3.org/2001/XMLSchema-instance"
	xsi:schemaLocation="http://www.springframework.org/schema/beans http://www.springframework.org/schema/beans/spring-beans.xsd">

	<!-- list 3-9 -->
	<bean id="mybean1" class="jp.tuyano.spring.sample1.MyBean">
		<property name="message" value="this is sample bean!"></property>
	</bean>
	
	<!-- list 3-10 -->
	<!-- 
	<bean id="mybean1" class="jp.tuyano.spring.sample1.MyBean">
		<constructor-arg type="String" name="message" value="this is sample bean!">
		</constructor-arg>
	</bean>
	 -->
	 
</beans>
