<?xml version="1.0" encoding="UTF-8"?>
<beans xmlns="http://www.springframework.org/schema/beans" 
	xmlns:xsi="http://www.w3.org/2001/XMLSchema-instance" 
	xmlns:context="http://www.springframework.org/schema/context" 
	xsi:schemaLocation="http://www.springframework.org/schema/beans 
	http://www.springframework.org/schema/beans/spring-beans.xsd 
	http://www.springframework.org/schema/context 
	http://www.springframework.org/schema/context/spring-context.xsd">
	
	<context:property-placeholder location="classpath:bean.properties"/>
	
	<bean id="bean1" class="jp.tuyano.spring.sample2.MyBean">
		<property name="message" value="${bean.message}" />
	</bean>
	
	<bean id="mybeanprops"
		class="org.springframework.beans.factory.config.PropertiesFactoryBean">
		<property name="location">
			<value>classpath:bean.properties</value>
		</property>
	</bean>

</beans>
